{
  "train_loss": [
    30.45585479736328,
    30.15127914428711,
    29.95362518310547
  ],
  "val_loss": [
    5.4929931640625,
    5.484761428833008,
    5.473084449768066
  ],
  "test_loss": [
    6.115494871139527,
    6.102791538238526,
    6.086162424087524
  ],
  "learning_rate": [
    0.0001,
    0.0001,
    0.0001
  ],
  "transfer_score": [
    3.722297324240208,
    3.7108118593692785,
    3.697225301712752
  ],
  "adaptation_loss": [
    5.562995338439942,
    5.548346328735351,
    5.5407812118530275
  ],
  "task_losses": {
    "traffic": [
      20.303845596313476,
      20.10073890686035,
      19.968929557800294
    ],
    "city": [
      0.0,
      0.0,
      0.0
    ],
    "year": [
      0.0,
      0.0,
      0.0
    ],
    "enhanced_traffic": [
      20.304019088745118,
      20.10108081817627,
      19.96939109802246
    ]
  }
}