{
  "train_loss": [
    15.107387199401856
  ],
  "val_loss": [
    24.10697685241699
  ],
  "test_loss": [
    4.577562704086303
  ],
  "learning_rate": [
    0.0001
  ]
}