{
  "train_loss": [
    22.957285661697387,
    22.446750197410584
  ],
  "val_loss": [
    25.157442741394043,
    24.689441690444948
  ],
  "test_loss": [
    11.419261846542359,
    11.342647581100463
  ],
  "learning_rate": [
    0.0001,
    0.0001
  ]
}